"";"p_val";"avg_logFC";"pct.1";"pct.2";"p_val_adj";"cluster";"gene";"cluster_no"
"Idi1";5,80318618082356e-22;0,696174703023856;0,921;0,679;1,02983341964895e-17;"DMSO";"Idi1";0
"Cyp51";1,07889199963651e-17;0,596214233169699;0,889;0,706;1,91460174255496e-13;"DMSO";"Cyp51";0
"Msmo1";1,05730097486417e-14;0,60399418609499;0,887;0,667;1,87628630999395e-10;"DMSO";"Msmo1";0
"Fdps";4,25685479085804e-11;0,450885012941804;0,98;0,947;7,55421451185668e-07;"DMSO";"Fdps";0
"Txn1";2,48047434982696e-09;0,207194110986421;1;1;4,40184978120293e-05;"DMSO";"Txn1";0
"Lypd8";5,46719375740087e-09;0,383560021510862;0,996;0,987;9,70208204188359e-05;"DMSO";"Lypd8";0
"Oat";1,34732746105262e-08;0,51627874639871;0,985;0,959;0,000239096731238398;"DMSO";"Oat";0
"Plac8";6,40884833485061e-08;0,364849850957088;0,994;0,976;0,00113731422550259;"DMSO";"Plac8";0
"Sqle";1,19161330562448e-07;0,278616349316509;0,618;0,368;0,00211463697216121;"DMSO";"Sqle";0
"Myl12b";2,66610940137472e-07;0,236450223730686;0,973;0,934;0,00473127774367958;"DMSO";"Myl12b";0
"Hmgcr";9,02941689797995e-07;0,319336032880354;0,769;0,583;0,0160236032271552;"DMSO";"Hmgcr";0
"Smim24";1,00141525646225e-06;0,342564425046082;0,972;0,915;0,0177711151411791;"DMSO";"Smim24";0
"Khk";1,4497698420959e-06;0,355755623176258;0,943;0,889;0,0257276156178338;"DMSO";"Khk";0
"Gm49980";1,59998985962382e-06;0,215827240422661;0,371;0,143;0,0283934200488843;"DMSO";"Gm49980";0
"Adh6a";6,24390784017793e-06;0,439460332877668;0,416;0,263;0,110804388531798;"DMSO";"Adh6a";0
"Fth1";6,88614634322083e-06;0,243702153484833;0,999;1;0,122201553006797;"DMSO";"Fth1";0
"Chpt1";1,08934702717959e-05;0,233863382051025;0,782;0,637;0,19331552344329;"DMSO";"Chpt1";0
"Fdft1";3,08488824667391e-05;0,338976550657216;0,674;0,412;0,547444268254752;"DMSO";"Fdft1";0
"Sdhd";4,87853578158504e-05;0,289416877868262;0,948;0,866;0,865744959800081;"DMSO";"Sdhd";0
"Cldn15";0,000166359358959638;0,25389509655665;0,886;0,777;1;"DMSO";"Cldn15";0
"Serinc3";0,000225118577258243;0,206494304129046;0,7;0,546;1;"DMSO";"Serinc3";0
"Tkfc";0,000243047523447401;0,377628021449288;0,831;0,721;1;"DMSO";"Tkfc";0
"Mgst3";0,000296916079716945;0,21478359631068;0,995;0,994;1;"DMSO";"Mgst3";0
"Ptms";0,000366032259194812;0,234352654196933;0,923;0,831;1;"DMSO";"Ptms";0
"Psmb10";0,000466933108284296;0,210677625344543;0,685;0,504;1;"DMSO";"Psmb10";0
"Atp1a1";0,000504568843025764;0,289567573984278;0,968;0,924;1;"DMSO";"Atp1a1";0
"Ifi27l2b";0,000530211231178903;0,314865682985408;0,896;0,822;1;"DMSO";"Ifi27l2b";0
"Bpnt1";0,000659839722701524;0,205701632547989;0,839;0,745;1;"DMSO";"Bpnt1";0
"Hmgcs1";0,00071551134836953;0,273901489802438;0,784;0,657;1;"DMSO";"Hmgcs1";0
"Gpx2";0,00135144115161917;0,271418599237585;0,97;0,946;1;"DMSO";"Gpx2";0
"Aldob";0,00222890816968854;0,734793064305488;0,957;0,898;1;"DMSO";"Aldob";0
"Reg3b";0,00227858684105468;0,616979987937476;0,175;0,133;1;"DMSO";"Reg3b";0
"Txnip";0,00269729189618443;0,233649596670597;0,834;0,75;1;"DMSO";"Txnip";0
"Lgals2";0,00339920766787071;0,27509943647739;0,997;0,99;1;"DMSO";"Lgals2";0
"Ppp1r1b";0,00355233163090893;0,208957777766376;0,753;0,605;1;"DMSO";"Ppp1r1b";0
"Ier2";0,0040579069731987;0,223339248432106;0,878;0,798;1;"DMSO";"Ier2";0
"Sis";0,004356904336311;0,503435234955663;0,757;0,608;1;"DMSO";"Sis";0
"Slc5a1";0,00848119065066397;0,284782604317337;0,705;0,583;1;"DMSO";"Slc5a1";0
"Akr1b8";3,07779670416744e-25;0,81616511057025;0,881;0,544;5,46185803121554e-21;"GW";"Akr1b8";0
"Acot1";4,02834678659995e-23;0,816684508416044;0,94;0,721;7,14870420750028e-19;"GW";"Acot1";0
"Scd1";8,88907627692691e-23;1,2465930979421;0,923;0,51;1,57745547610345e-18;"GW";"Scd1";0
"Abca1";6,48707115886078e-18;0,399655986670877;0,405;0,019;1,15119564785143e-13;"GW";"Abca1";0
"Srebf1";1,64573296517566e-12;0,46825653800429;0,611;0,233;2,92051772000072e-08;"GW";"Srebf1";0
"Acsl3";2,10076731157627e-12;0,402600634814802;0,762;0,522;3,72802167112325e-08;"GW";"Acsl3";0
"Scd2";6,24020484883149e-12;0,452117859602619;0,986;0,929;1,10738675247364e-07;"GW";"Scd2";0
"Me1";4,55435808657274e-11;0,489738708531546;0,73;0,457;8,08216386043198e-07;"GW";"Me1";0
"Fabp5";1,7493807216803e-10;0,836994130140606;0,586;0,308;3,10445102869387e-06;"GW";"Fabp5";0
"Mif";1,7301512535336e-09;0,319620202753119;0,995;0,994;3,07032641452072e-05;"GW";"Mif";0
"Lpcat3";1,96556158922875e-09;0,465463236534597;0,949;0,838;3,48808559624534e-05;"GW";"Lpcat3";0
"Plin2";1,67187980370705e-08;0,361262351812379;0,732;0,56;0,000296691789965853;"GW";"Plin2";0
"Por";1,92308848712423e-08;0,320670558226479;0,798;0,66;0,000341271282925065;"GW";"Por";0
"Hadhb";7,21916793131574e-08;0,229238550688425;0,87;0,784;0,00128111354109129;"GW";"Hadhb";0
"Tm4sf4";2,03520508212436e-07;0,503504874768418;0,445;0,13;0,00361167493873789;"GW";"Tm4sf4";0
"Fam162a";3,93135044584173e-07;0,358182025519838;0,993;0,973;0,00697657450119074;"GW";"Fam162a";0
"Dbi";7,05871571641889e-07;0,335990991752399;1;1;0,012526396910357;"GW";"Dbi";0
"Mt4";2,59813889268502e-06;1,33579726128675;0,471;0,192;0,0461065727895883;"GW";"Mt4";0
"Fabp1";4,78993856760911e-06;0,727975219204521;0,971;0,872;0,0850022498207912;"GW";"Fabp1";0
"Hadha";5,57750296442291e-06;0,240447925107336;0,891;0,829;0,0989783676066489;"GW";"Hadha";0
"Rnf186";1,20229383597402e-05;0,327650888578977;0,748;0,547;0,21335906413195;"GW";"Rnf186";0
"Gng11";1,21454059564036e-05;0,325463330227651;0,452;0,172;0,215532374102339;"GW";"Gng11";0
"Dhrs7";1,39638644559084e-05;0,207469831311122;0,665;0,552;0,247802738634551;"GW";"Dhrs7";0
"Mid1ip1";2,95220553973985e-05;0,334007594824099;0,747;0,572;0,523898395082233;"GW";"Mid1ip1";0
"Abcg5";3,66048771738856e-05;0,359636792602097;0,579;0,321;0,649590150327774;"GW";"Abcg5";0
"Acadl";3,87736058129952e-05;0,340772177745992;0,917;0,82;0,688076408757413;"GW";"Acadl";0
"H2-Q10";4,98131292145489e-05;0,34562782493155;0,926;0,79;0,883983791041385;"GW";"H2-Q10";0
"Soat1";7,87482042074295e-05;0,244283215163442;0,524;0,328;1;"GW";"Soat1";0
"Abcg8";0,000110950143854951;0,321529255892408;0,568;0,327;1;"GW";"Abcg8";0
"Cyba";0,000145547736668569;0,245781108810023;0,609;0,489;1;"GW";"Cyba";0
"Areg";0,00019948806278562;0,402859361529635;0,688;0,487;1;"GW";"Areg";0
"Hsd17b11";0,000219405295962398;0,241920116732773;0,535;0,359;1;"GW";"Hsd17b11";0
"Tmsb10";0,000401990434289702;0,210791652515661;1;0,998;1;"GW";"Tmsb10";0
"Tubb2a";0,000747595170695427;0,264042995602537;0,244;0,108;1;"GW";"Tubb2a";0
"Ero1l";0,000800264518040784;0,400865186237508;0,904;0,838;1;"GW";"Ero1l";0
"Tmsb4x";0,000852648140434978;0,23010885204368;0,994;0,997;1;"GW";"Tmsb4x";0
"Lgals3";0,00164813494953842;0,330618487226235;0,743;0,581;1;"GW";"Lgals3";0
"G0s2";0,0017012234762921;0,208248593679592;0,258;0,134;1;"GW";"G0s2";0
"Fmo5";0,00171437447538611;0,276985411905769;0,733;0,63;1;"GW";"Fmo5";0
"Acsl5";0,00196637088051526;0,221239977504441;0,803;0,717;1;"GW";"Acsl5";0
"Fasn";0,0021963687192305;0,255722238140693;0,566;0,39;1;"GW";"Fasn";0
"Fabp6";0,00230234771389927;1,81723001112392;0,247;0,111;1;"GW";"Fabp6";0
"Selenbp1";0,00258840723168243;0,392411140897543;0,858;0,783;1;"GW";"Selenbp1";0
"Higd1a";0,00351545201012708;0,303442360286973;0,971;0,933;1;"GW";"Higd1a";0
"Abcc2";0,00524367117208713;0,272837333853613;0,787;0,707;1;"GW";"Abcc2";0
"Acaa1b";0,00544690172095679;0,410334869629026;0,424;0,209;1;"GW";"Acaa1b";0
"Sprr2a3";0,00590358548815032;0,497676224541783;0,653;0,546;1;"GW";"Sprr2a3";0
"Rab9";0,00604436584280473;0,216580817407262;0,758;0,66;1;"GW";"Rab9";0
"Msmo11";1,52736219347099e-19;0,487650363155265;0,926;0,701;2,71045694853362e-15;"DMSO";"Msmo1";1
"Fdps1";1,08814848044129e-18;0,503076595021637;0,988;0,941;1,93102829339111e-14;"DMSO";"Fdps";1
"Idi11";2,73975813052721e-15;0,567145736983317;0,971;0,835;4,8619747784336e-11;"DMSO";"Idi1";1
"Cyp511";8,78142455997456e-13;0,461041944078848;0,9;0,671;1,55835160241309e-08;"DMSO";"Cyp51";1
"Oat1";2,09808014330056e-09;0,301136615920471;0,998;0,991;3,72325302230117e-05;"DMSO";"Oat";1
"Sqle1";2,87239019798454e-08;0,280987913654686;0,727;0,463;0,000509734364534337;"DMSO";"Sqle";1
"Fdft11";1,45557245906123e-07;0,251092427513871;0,743;0,52;0,00258305888585006;"DMSO";"Fdft1";1
"Hmgcs11";2,44497513792971e-07;0,283877949475216;0,835;0,665;0,00433885287977007;"DMSO";"Hmgcs1";1
"Rbp7";1,05778810745462e-06;0,22809748360352;0,454;0,238;0,0187715077548896;"DMSO";"Rbp7";1
"Pycard";4,6562698226363e-06;0,200077207036502;1;0,998;0,0826301642725037;"DMSO";"Pycard";1
"Lypd81";4,82190585451378e-06;0,254064537397374;0,994;0,988;0,0855695412942016;"DMSO";"Lypd8";1
"Hmgcr1";6,35843165151062e-05;0,303648127147979;0,89;0,727;1;"DMSO";"Hmgcr";1
"Smim241";0,00022579221819444;0,302759572880556;0,921;0,766;1;"DMSO";"Smim24";1
"Cth";0,000506486053759886;0,297894499416775;0,841;0,718;1;"DMSO";"Cth";1
"Acot11";3,02386006273567e-27;0,641727799527827;0,941;0,695;5,36614206733072e-23;"GW";"Acot1";1
"Rpl41";7,76388268134793e-24;0,202791804369769;1;1;1,377778620632e-19;"GW";"Rpl41";1
"Rps29";9,96422082489861e-23;0,211906863023943;1;1;1,76825062758651e-18;"GW";"Rps29";1
"Rpl36";7,63998537238474e-22;0,206747571694776;1;1;1,3557918041834e-17;"GW";"Rpl36";1
"Rpl38";4,41274505808313e-21;0,202732026837373;1;1;7,83085738007432e-17;"GW";"Rpl38";1
"Abca11";8,43750044483484e-16;0,223223442892075;0,311;0,001;1,49731882894039e-11;"GW";"Abca1";1
"Scd21";3,2471770529152e-15;0,435989549033588;0,995;0,953;5,76244039810332e-11;"GW";"Scd2";1
"Fabp51";4,02022546347882e-15;0,566805384448471;0,924;0,828;7,13429210748951e-11;"GW";"Fabp5";1
"Scd11";1,21808737853844e-14;0,431751528710548;0,741;0,421;2,16161786195432e-10;"GW";"Scd1";1
"Hmgcs2";6,14159971905652e-14;0,295406340117253;0,379;0,013;1,08988828614377e-09;"GW";"Hmgcs2";1
"Mif1";2,33965042855052e-13;0,231274406701795;0,999;0,999;4,15194365050575e-09;"GW";"Mif";1
"Fabp11";5,84817720580301e-13;1,57796286124025;0,847;0,649;1,0378175269418e-08;"GW";"Fabp1";1
"Akr1b81";8,07208383040859e-10;0,389940023659477;0,566;0,255;1,43247199654431e-05;"GW";"Akr1b8";1
"Acadl1";5,35496593973938e-09;0,286882644292466;0,876;0,738;9,50292255666151e-05;"GW";"Acadl";1
"Srebf11";9,5051881160676e-09;0,312889439561052;0,616;0,301;0,000168679068307736;"GW";"Srebf1";1
"Lpcat31";1,28625821044925e-07;0,361017135117773;0,9;0,768;0,00228259382026324;"GW";"Lpcat3";1
"H2-Q101";4,04578960584078e-07;0,245042196846541;0,891;0,783;0,00717965823452505;"GW";"H2-Q10";1
"Soat11";6,62662379884506e-07;0,330978140533527;0,826;0,659;0,0117596065934304;"GW";"Soat1";1
"Cyba1";1,07099003352188e-06;0,361888008497418;0,927;0,795;0,0190057891348793;"GW";"Cyba";1
"Fasn1";2,32661193368388e-06;0,204191274591613;0,667;0,529;0,0412880553751542;"GW";"Fasn";1
"Mid1ip11";3,07111607500177e-06;0,281269508485312;0,751;0,608;0,0545000258669813;"GW";"Mid1ip1";1
"Acsl31";5,33607433018665e-06;0,24589826083855;0,842;0,744;0,0946939750634922;"GW";"Acsl3";1
"Sycn";2,16893962784653e-05;0,207434574107593;0,439;0,305;0,384900026357645;"GW";"Sycn";1
"Gsta4";0,00390474963703927;0,212475844762385;0,866;0,779;1;"GW";"Gsta4";1
"Oat2";1,57923251909962e-08;0,254228628421549;0,984;0,96;0,000280250602839419;"DMSO";"Oat";2
"Plac81";3,26940817470956e-07;0,289698062642027;0,971;0,914;0,00580189174683958;"DMSO";"Plac8";2
"Gm1123";1,33518085941077e-06;0,28039898090284;0,735;0,567;0,0236941195311035;"DMSO";"Gm1123";2
"Kcne3";2,3930998975059e-06;0,235025710585965;0,483;0,309;0,0424679507811397;"DMSO";"Kcne3";2
"Cldn151";4,6634167064105e-06;0,245503542148415;0,724;0,55;0,0827569928719607;"DMSO";"Cldn15";2
"Smim242";2,41050995512852e-05;0,353779701905977;0,717;0,482;0,427769096637107;"DMSO";"Smim24";2
"Lypd82";5,22983803457983e-05;0,256153511237942;0,965;0,907;0,928087057616536;"DMSO";"Lypd8";2
"Uaca";0,000456861205397986;0,200761218347672;0,652;0,505;1;"DMSO";"Uaca";2
"Aldob1";0,000740367286767466;0,225573647052792;0,59;0,431;1;"DMSO";"Aldob";2
"Myl12b1";0,000773558638625579;0,201978754370215;0,889;0,815;1;"DMSO";"Myl12b";2
"Gm5485";0,000819887541840343;0,281955880410378;0,317;0,191;1;"DMSO";"Gm5485";2
"Rps291";2,94170169697253e-22;0,211684083454946;1;1;5,22034383144746e-18;"GW";"Rps29";2
"Rpl411";1,87212206270956e-18;0,232839953014345;0,999;1;3,32226781248439e-14;"GW";"Rpl41";2
"Scd22";4,01288910354274e-17;0,761422342376306;0,839;0,483;7,12127300314696e-13;"GW";"Scd2";2
"Hmgcs21";6,13140652699688e-15;0,629769946738829;0,434;0,028;1,08807940228087e-10;"GW";"Hmgcs2";2
"Acot12";1,92508548481755e-13;0,600504622690282;0,862;0,621;3,41625670135723e-09;"GW";"Acot1";2
"Abca12";6,91056936629866e-13;0,403845689976228;0,288;0,009;1,22634963974336e-08;"GW";"Abca1";2
"Rpl381";1,3416819370809e-11;0,205652161401165;0,999;1;2,38094876554376e-07;"GW";"Rpl38";2
"Scd12";1,04331968456609e-10;0,383115839558359;0,331;0,063;1,85147511223098e-06;"GW";"Scd1";2
"Srebf12";1,40278026834945e-10;0,412388499540035;0,409;0,123;2,48937386421293e-06;"GW";"Srebf1";2
"Fabp12";5,81907322522457e-10;0,575938633356255;0,549;0,36;1,03265273454835e-05;"GW";"Fabp1";2
"Lpcat32";2,37486559923268e-09;0,429030470031026;0,66;0,4;4,21443649239831e-05;"GW";"Lpcat3";2
"Soat12";5,90752009723409e-09;0,392322066743185;0,813;0,67;0,000104834851645516;"GW";"Soat1";2
"Dbi1";6,97986507429488e-08;0,302636221396342;0,997;0,997;0,00123864685608437;"GW";"Dbi";2
"Gsta41";5,57805634984192e-07;0,365861636466697;0,664;0,466;0,00989881879842947;"GW";"Gsta4";2
"H2-Q102";8,02280152586625e-07;0,397695380867051;0,433;0,207;0,0142372635878023;"GW";"H2-Q10";2
"Acadl2";6,54809594941457e-06;0,361741087257965;0,484;0,257;0,116202510718311;"GW";"Acadl";2
"Fgfbp1";9,34404918260587e-05;0,204141089111062;0,854;0,786;1;"GW";"Fgfbp1";2
"Etfb";9,95156948850825e-05;0,210320435828181;0,915;0,874;1;"GW";"Etfb";2
"Cyba2";0,000147403926492241;0,29528336393625;0,886;0,804;1;"GW";"Cyba";2
"Acsl32";0,000295177777092857;0,325568783550699;0,562;0,346;1;"GW";"Acsl3";2
"Eci2";0,000650844064609838;0,201231963818876;0,642;0,538;1;"GW";"Eci2";2
"Mif2";0,00128492470764211;0,329771535260327;0,989;0,976;1;"GW";"Mif";2
"Fasn2";0,00230396133065794;0,239632811546379;0,321;0,161;1;"GW";"Fasn";2
"S100g";0,00492682767094054;0,295443249696772;0,607;0,484;1;"GW";"S100g";2
"Mid1ip12";0,00512948935597459;0,222933097159245;0,362;0,23;1;"GW";"Mid1ip1";2
"Idi12";7,37704224086823e-12;0,431474822489422;0,904;0,726;1,30912991606448e-07;"DMSO";"Idi1";3
"Oat3";6,64486354477655e-11;0,338058124250434;0,996;0,984;1,17919748465605e-06;"DMSO";"Oat";3
"Cyp512";6,97303153317794e-11;0,320016258992219;0,762;0,543;1,23743417587776e-06;"DMSO";"Cyp51";3
"Plac82";5,20410953502637e-09;0,328884088897306;0,978;0,914;9,23521278085779e-05;"DMSO";"Plac8";3
"Lypd83";1,10130587284917e-07;0,291805611317311;0,992;0,981;0,00195437740195814;"DMSO";"Lypd8";3
"Fdps2";1,06992209121408e-06;0,339722830266991;0,946;0,87;0,0189868374306851;"DMSO";"Fdps";3
"Msmo12";1,81390012337238e-06;0,429926707785548;0,758;0,501;0,0321894715893662;"DMSO";"Msmo1";3
"Mgst31";4,77624535205856e-06;0,217593638730767;0,989;0,976;0,0847592500176312;"DMSO";"Mgst3";3
"Sdhd1";1,03697005375139e-05;0,231051750183874;0,917;0,832;0,184020705738722;"DMSO";"Sdhd";3
"Smim243";1,33699898748069e-05;0,343523383776976;0,808;0,585;0,237263840318323;"DMSO";"Smim24";3
"Lgals21";1,90099998091903e-05;0,219407671852876;1;0,999;0,337351456613891;"DMSO";"Lgals2";3
"Hmgcs12";0,000528671374306802;0,245128814031509;0,669;0,495;1;"DMSO";"Hmgcs1";3
"Hmgcr2";0,00175424793081824;0,217280422160073;0,672;0,515;1;"DMSO";"Hmgcr";3
"Aldob2";0,0018639193144427;0,26549063219374;0,784;0,605;1;"DMSO";"Aldob";3
"Fdft12";0,00376091247925886;0,206904190444061;0,539;0,316;1;"DMSO";"Fdft1";3
"Cldn152";0,00514504109338365;0,214705159930109;0,83;0,691;1;"DMSO";"Cldn15";3
"Pdgfa";0,00689526267905871;0,221871376091962;0,702;0,588;1;"DMSO";"Pdgfa";3
"Rpl412";1,15417367925693e-21;0,213603706968723;1;1;2,04819661120936e-17;"GW";"Rpl41";3
"Acot13";1,84477034727821e-20;0,577860665946848;0,908;0,682;3,27372945827992e-16;"GW";"Acot1";3
"Rps292";2,90876131419012e-16;0,200567237966977;1;1;5,16188782816179e-12;"GW";"Rps29";3
"Scd13";1,78844682980659e-15;0,482456406419145;0,615;0,24;3,17377774417477e-11;"GW";"Scd1";3
"Rpl382";6,01316563265979e-15;0,205208225715478;1;1;1,06709637317181e-10;"GW";"Rpl38";3
"Fabp13";1,64502682987139e-14;1,43479254163725;0,789;0,541;2,91926461228976e-10;"GW";"Fabp1";3
"Hmgcs22";3,44882758202194e-12;0,357050466059988;0,341;0,013;6,12028942705613e-08;"GW";"Hmgcs2";3
"Scd23";1,1462629194496e-10;0,444000759373117;0,97;0,848;2,03415817685527e-06;"GW";"Scd2";3
"Dbi2";1,97331838312603e-10;0,214459393861027;1;1;3,50185080269546e-06;"GW";"Dbi";3
"Fabp52";1,71006486147013e-09;0,490392765379035;0,864;0,707;3,0346811031649e-05;"GW";"Fabp5";3
"Lpcat33";1,71703460786905e-09;0,353679478376024;0,819;0,633;3,04704961512441e-05;"GW";"Lpcat3";3
"Mid1ip13";4,12936272628584e-09;0,299133887614272;0,672;0,505;7,32796709406685e-05;"GW";"Mid1ip1";3
"Mif3";6,16126028138541e-09;0,266795306851892;0,999;1;0,000109337724953466;"GW";"Mif";3
"Soat13";7,97443415384002e-09;0,342576776428419;0,765;0,6;0,000141514308494045;"GW";"Soat1";3
"Abca13";5,68033237819229e-08;0,208294210465405;0,212;0,003;0,001008031783834;"GW";"Abca1";3
"H2-Q103";1,77201204887451e-07;0,355128494733419;0,827;0,639;0,0031446125819327;"GW";"H2-Q10";3
"Cyba3";1,57229237419222e-06;0,308095046436736;0,92;0,83;0,0279019004724152;"GW";"Cyba";3
"Acadl3";3,38011448335399e-06;0,320536968893217;0,771;0,584;0,0599835116215999;"GW";"Acadl";3
"Akr1b82";4,68628368430723e-06;0,328377235501589;0,427;0,172;0,0831627902617161;"GW";"Akr1b8";3
"Srebf13";7,5916539960688e-06;0,30152527818946;0,481;0,218;0,134721491814237;"GW";"Srebf1";3
"Gsta42";6,94392597923313e-05;0,217705662666098;0,832;0,687;1;"GW";"Gsta4";3
"Sycn1";0,000359703561432407;0,248760665289379;0,467;0,374;1;"GW";"Sycn";3
"Gng111";0,000370605441504022;0,216824351455327;0,411;0,222;1;"GW";"Gng11";3
"Acsl33";0,000418647877615114;0,26395445312271;0,708;0,576;1;"GW";"Acsl3";3
"Fasn3";0,00127777674744477;0,217870182808039;0,567;0,412;1;"GW";"Fasn";3
"Idi13";1,32312928038904e-10;0,505886847741712;0,929;0,758;2,34802522097839e-06;"DMSO";"Idi1";4
"Oat4";1,45522969943311e-10;0,326905239682038;0,998;0,982;2,58245062461399e-06;"DMSO";"Oat";4
"Fdps3";7,90211755297147e-09;0,439151421273324;0,967;0,911;0,000140230978095032;"DMSO";"Fdps";4
"Msmo13";1,51365874601244e-08;0,39601448639275;0,776;0,519;0,000268613881067368;"DMSO";"Msmo1";4
"Mgst32";3,70806378408052e-08;0,262180267185458;0,985;0,971;0,000658032999122929;"DMSO";"Mgst3";4
"Pycard1";5,44041313169329e-08;0,221685183679442;0,999;0,995;0,000965455714350291;"DMSO";"Pycard";4
"Lgals22";1,00510609125456e-07;0,207208524786211;1;1;0,00178366126954034;"DMSO";"Lgals2";4
"Smim244";3,27452871261382e-07;0,314973548257795;0,842;0,658;0,00581097865340449;"DMSO";"Smim24";4
"Lypd84";2,72798507461605e-06;0,284894935325855;0,988;0,96;0,0484108231341364;"DMSO";"Lypd8";4
"Rbp71";2,88366901467553e-06;0,222779117000983;0,377;0,193;0,051173590334432;"DMSO";"Rbp7";4
"Plac83";3,22782641760741e-06;0,298804105756236;0,958;0,884;0,0572810076068612;"DMSO";"Plac8";4
"Cth1";6,94897209452263e-06;0,343275853201625;0,778;0,582;0,123316458789399;"DMSO";"Cth";4
"Akr1c19";9,72185868067723e-06;0,220345841048299;0,659;0,544;0,172524104147298;"DMSO";"Akr1c19";4
"Sdhd2";0,000134053842113831;0,204769868916305;0,916;0,843;1;"DMSO";"Sdhd";4
"Cyp513";0,000552567960119786;0,345263126260616;0,793;0,551;1;"DMSO";"Cyp51";4
"Rbp2";0,0023071443477671;0,248734451925671;0,375;0,215;1;"DMSO";"Rbp2";4
"Gstp1";0,00421342367728387;0,213973761517882;0,95;0,922;1;"DMSO";"Gstp1";4
"Rpl413";7,91023265461993e-25;0,220808975827826;1;1;1,40374988688885e-20;"GW";"Rpl41";4
"Rps293";7,69630024242435e-21;0,207349798443516;1;1;1,36578544102062e-16;"GW";"Rps29";4
"Acot14";9,59620308099279e-19;0,612328567808872;0,915;0,691;1,70294219875298e-14;"GW";"Acot1";4
"Scd14";3,41196795903338e-14;0,469774024808829;0,622;0,297;6,05487834010063e-10;"GW";"Scd1";4
"Rps21";3,5623109879545e-14;0,20305078550372;1;1;6,32167707922406e-10;"GW";"Rps21";4
"Hmgcs23";6,56677258539883e-13;0,339352072997397;0,296;0,015;1,16533946300488e-08;"GW";"Hmgcs2";4
"Fabp14";1,39314333711002e-11;1,23126962162656;0,785;0,564;2,47227216603543e-07;"GW";"Fabp1";4
"Fabp53";1,59092811208635e-11;0,508376593127687;0,834;0,703;2,82326102770844e-07;"GW";"Fabp5";4
"Scd24";2,49702004053857e-08;0,417534690675312;0,96;0,849;0,000443121176393975;"GW";"Scd2";4
"Gng112";1,22376469620765e-07;0,274451860328371;0,394;0,184;0,00217169282989009;"GW";"Gng11";4
"Cyba4";6,57071787280416e-07;0,402925345390726;0,824;0,667;0,0116603959370783;"GW";"Cyba";4
"Lpcat34";7,96626134598121e-07;0,364635491069541;0,766;0,555;0,0141369273845783;"GW";"Lpcat3";4
"Soat14";1,43205693227907e-06;0,333549571591105;0,693;0,509;0,0254132823202243;"GW";"Soat1";4
"Srebf14";3,0953622467609e-05;0,314843159282872;0,478;0,196;0,549302984310189;"GW";"Srebf1";4
"Acadl4";3,15951254678124e-05;0,287465445659944;0,758;0,615;0,560687096551799;"GW";"Acadl";4
"Acsl34";0,000170405905511165;0,266333688509384;0,744;0,634;1;"GW";"Acsl3";4
"Akr1b83";0,00134912731954568;0,34027746973948;0,45;0,241;1;"GW";"Akr1b8";4
"H2-Q104";0,00495359995243786;0,222394559964958;0,796;0,691;1;"GW";"H2-Q10";4
"Idi14";2,56787277067457e-19;0,542370101221627;0,959;0,821;4,55694701883909e-15;"DMSO";"Idi1";5
"Msmo14";1,21786366136082e-16;0,498975994905848;0,877;0,593;2,16122085345092e-12;"DMSO";"Msmo1";5
"Fdps4";5,0856139006195e-14;0,458986700845459;0,972;0,949;9,02493042803936e-10;"DMSO";"Fdps";5
"Cyp514";6,4025854731062e-14;0,404755658282045;0,863;0,608;1,13620281805743e-09;"DMSO";"Cyp51";5
"Oat5";3,20338999293881e-09;0,311574665282121;0,992;0,981;5,68473588146922e-05;"DMSO";"Oat";5
"Sdc4";2,12655695902961e-07;0,208900488102946;0,959;0,895;0,00377378797949395;"DMSO";"Sdc4";5
"Sdhd3";2,81331984828743e-07;0,247224037820493;0,962;0,891;0,00499251740277088;"DMSO";"Sdhd";5
"Smim245";3,15180230534142e-07;0,275555703133414;0,808;0,599;0,00559318837105888;"DMSO";"Smim24";5
"Hmgcs13";5,14462282068203e-07;0,298950060329645;0,801;0,59;0,00912964765758232;"DMSO";"Hmgcs1";5
"Sqle2";6,14434965311853e-07;0,27966047770333;0,648;0,369;0,0109037628944241;"DMSO";"Sqle";5
"Plac84";6,90849608519631e-07;0,25268714578249;0,963;0,901;0,0122598171527894;"DMSO";"Plac8";5
"Hmgcr3";3,49750587292508e-06;0,296891900368569;0,82;0,628;0,0620667392209285;"DMSO";"Hmgcr";5
"Lypd85";5,08931946354607e-06;0,2661032545738;0,999;0,988;0,0903150632000885;"DMSO";"Lypd8";5
"Cldn153";6,24209826410923e-06;0,205249764742387;0,894;0,765;0,110772275794882;"DMSO";"Cldn15";5
"Lgals23";1,34848410218901e-05;0,219695146687855;1;1;0,239301988774462;"DMSO";"Lgals2";5
"Fdft13";3,15457517754895e-05;0,21800949587754;0,673;0,456;0,559810911007837;"DMSO";"Fdft1";5
"Rpa3";0,000151140559389267;0,226465380291935;0,84;0,654;1;"DMSO";"Rpa3";5
"Fabp15";9,75289514774502e-21;1,56293571913471;0,841;0,573;1,73074877291883e-16;"GW";"Fabp1";5
"Fabp54";5,79636472668067e-18;0,532885032434696;0,941;0,855;1,02862288439675e-13;"GW";"Fabp5";5
"Rpl383";6,33878786423507e-17;0,203850993489507;1;1;1,12488129438716e-12;"GW";"Rpl38";5
"Acot15";3,04751099169126e-16;0,566175247730966;0,914;0,68;5,40811300585531e-12;"GW";"Acot1";5
"Hmgcs24";3,38451296823743e-15;0,30565072744681;0,335;0,013;6,00615671343414e-11;"GW";"Hmgcs2";5
"Rps294";2,33616139318314e-14;0,203240829861881;1;1;4,1457520083428e-10;"GW";"Rps29";5
"Scd15";8,95392877556836e-13;0,392081296411551;0,644;0,332;1,58896420051236e-08;"GW";"Scd1";5
"Lpcat35";1,63285771081161e-11;0,356960219893545;0,861;0,663;2,89766929360628e-07;"GW";"Lpcat3";5
"Dbi3";1,03392469351528e-10;0,203921490842844;1;1;1,83480276111222e-06;"GW";"Dbi";5
"Scd25";1,27935406013722e-10;0,425345990233074;0,974;0,923;2,27034171511951e-06;"GW";"Scd2";5
"Akr1b84";4,28264829331834e-10;0,284266435177164;0,472;0,237;7,59998766132273e-06;"GW";"Akr1b8";5
"Cyba5";7,66924361621382e-09;0,333225829068567;0,941;0,858;0,00013609839721333;"GW";"Cyba";5
"Gng113";4,56352197371888e-08;0,200896268412405;0,484;0,307;0,000809842609456153;"GW";"Gng11";5
"Mid1ip14";1,437450341025e-07;0,285266098806664;0,712;0,581;0,00255089937518296;"GW";"Mid1ip1";5
"Mif4";1,57187910114519e-07;0,235585681016786;0,999;1;0,00278945665289225;"GW";"Mif";5
"Acsl35";1,72259614716519e-07;0,228293560755357;0,792;0,674;0,00305691912275935;"GW";"Acsl3";5
"Acadl5";3,46746138693973e-07;0,293518305149601;0,857;0,694;0,00615335697726324;"GW";"Acadl";5
"Soat15";3,57127818728492e-06;0,33909374241328;0,791;0,63;0,0633759027115582;"GW";"Soat1";5
"Srebf15";1,0962215544633e-05;0,324088130172729;0,573;0,276;0,194535477055057;"GW";"Srebf1";5
"H2-Q105";1,42368051115754e-05;0,208076436654546;0,865;0,776;0,252646343510018;"GW";"H2-Q10";5
"Gsta43";5,90849645778749e-05;0,204904072072325;0,825;0,72;1;"GW";"Gsta4";5
"Fam162a1";0,000323123433848294;0,203512445160085;0,992;0,983;1;"GW";"Fam162a";5
"Idi15";3,93709411763165e-07;0,365266745121447;0,677;0,502;0,00698676722114912;"DMSO";"Idi1";6
"Msmo15";2,81609794044174e-06;0,33641377557381;0,607;0,413;0,0499744740510791;"DMSO";"Msmo1";6
"Sdf2l1";7,19037063844702e-06;0,258889184534546;0,648;0,502;0,127600317349881;"DMSO";"Sdf2l1";6
"Cyp515";0,000221701393227482;0,344967467505287;0,604;0,444;1;"DMSO";"Cyp51";6
"Fdps5";0,00078771899130864;0,262697352420405;0,832;0,783;1;"DMSO";"Fdps";6
"Oat6";0,00135100747456041;0,213136887079592;0,647;0,508;1;"DMSO";"Oat";6
"Gm11231";0,00154626149415728;0,207045062548589;0,872;0,806;1;"DMSO";"Gm1123";6
"Agr2";0,00298067772894799;0,4784018617651;0,918;0,881;1;"DMSO";"Agr2";6
"Smim246";0,00347453846368707;0,225557706229164;0,713;0,567;1;"DMSO";"Smim24";6
"Scd26";1,69658391369906e-17;0,746335469121872;0,962;0,74;3,01075781325035e-13;"GW";"Scd2";6
"Rpl414";1,88300202293087e-11;0,205832305225825;0,999;1;3,34157538989313e-07;"GW";"Rpl41";6
"Rpl384";2,57736270325053e-11;0,218768331576956;0,999;0,999;4,57378785318838e-07;"GW";"Rpl38";6
"Rps295";3,09018935959679e-10;0,235170867763415;1;1;5,48385003754046e-06;"GW";"Rps29";6
"Rpl37a";1,02693557368121e-09;0,203335292137727;1;1;1,82239986905467e-05;"GW";"Rpl37a";6
"Abca14";2,50392936768047e-09;0,33163956367792;0,257;0;4,44347305588576e-05;"GW";"Abca1";6
"Rps28";1,15776472171933e-08;0,21834284413544;0,999;0,997;0,000205456927516313;"GW";"Rps28";6
"Rpl361";2,50792680194266e-08;0,230919342993126;0,998;0,998;0,000445056690272745;"GW";"Rpl36";6
"Srebf16";2,5743728190736e-08;0,405589299093769;0,409;0,135;0,000456848200472802;"GW";"Srebf1";6
"Rpl37";3,15183277660003e-08;0,229028902998858;1;0,999;0,000559324244535441;"GW";"Rpl37";6
"Hmgcs25";1,04957027779231e-07;0,240954251338678;0,161;0,004;0,00186256741497023;"GW";"Hmgcs2";6
"Scd16";1,0630284075383e-07;0,469561470600899;0,421;0,121;0,00188645021201748;"GW";"Scd1";6
"Lpcat36";2,4872116211986e-07;0,382733153522587;0,503;0,27;0,00441380574297903;"GW";"Lpcat3";6
"Fabp55";9,12177061411927e-07;0,651092277858359;0,567;0,353;0,0161874941318161;"GW";"Fabp5";6
"H2-Q106";2,55196688877222e-06;0,432429979744857;0,529;0,297;0,0452872044081517;"GW";"H2-Q10";6
"Rps211";5,38781020989957e-06;0,207621811070534;0,998;0,998;0,0956120799848777;"GW";"Rps21";6
"Acadl6";3,58793765482236e-05;0,232168508302169;0,366;0,207;0,636715416224776;"GW";"Acadl";6
"Acot16";0,00014961121089134;0,387672348341004;0,315;0,164;1;"GW";"Acot1";6
"Etfb1";0,000390826764415658;0,206845420094314;0,811;0,767;1;"GW";"Etfb";6
"Sycn2";0,000396342787676296;0,482437326517925;0,448;0,26;1;"GW";"Sycn";6
"Mid1ip15";0,00182906438656563;0,241662983108435;0,551;0,429;1;"GW";"Mid1ip1";6
"Cps1";0,00624730549277281;0,244541461395476;0,435;0,297;1;"GW";"Cps1";6
"Eci21";0,00706412793513748;0,21341385362226;0,459;0,349;1;"GW";"Eci2";6
"Acsl36";0,00897270793096794;0,256603883584005;0,305;0,144;1;"GW";"Acsl3";6
"Idi16";0,000636652276711682;0,501587184750917;0,538;0,31;1;"DMSO";"Idi1";7
"Bambi";0,00148787488783263;0,218441461883719;0,37;0,264;1;"DMSO";"Bambi";7
"Sdhd4";0,00331574756203803;0,201226248925319;0,503;0,379;1;"DMSO";"Sdhd";7
"Cd24a";0,00729793317161267;0,310393772490443;0,759;0,621;1;"DMSO";"Cd24a";7
"Hist1h2bc";0,00806789013499175;0,262860288709581;0,59;0,443;1;"DMSO";"Hist1h2bc";7
"Msmo16";0,00985024579343522;0,299248559838287;0,595;0,462;1;"DMSO";"Msmo1";7
"Fasn4";1,06669163180792e-20;1,02755041342907;0,729;0,366;1,89295096980634e-16;"GW";"Fasn";7
"Scd27";8,36798408175441e-19;1,0156824374988;0,914;0,58;1,48498245514814e-14;"GW";"Scd2";7
"Srebf17";6,42859190703223e-18;0,820443067333808;0,581;0,17;1,14081791982194e-13;"GW";"Srebf1";7
"Scd17";1,62434790442208e-13;0,66653099496935;0,405;0,108;2,88256779118743e-09;"GW";"Scd1";7
"Rps296";2,73993607701142e-10;0,291783296457016;1;0,998;4,86229056226447e-06;"GW";"Rps29";7
"H2-Q107";1,59678310314446e-09;0,688857133350563;0,457;0,2;2,83365129484015e-05;"GW";"H2-Q10";7
"Abca15";5,88082644562412e-09;0,608084968903218;0,417;0,121;0,000104361146104046;"GW";"Abca1";7
"Abcg1";1,37624342289408e-08;0,412307886062115;0,255;0,054;0,000244228157826783;"GW";"Abcg1";7
"Rpl415";3,63975446428221e-08;0,235208029711885;0,998;1;0,000645910827231522;"GW";"Rpl41";7
"Rpl37a1";1,17605580818971e-07;0,274901141261005;1;1;0,00208702863721347;"GW";"Rpl37a";7
"Gm10076";1,4052019302955e-07;0,234897130628845;0,993;0,992;0,0024936713455024;"GW";"Gm10076";7
"Rpl385";1,54934406595647e-07;0,223740527026195;1;0,996;0,00274946597944635;"GW";"Rpl38";7
"Rpl371";1,50937832281151e-06;0,271907618113186;1;0,998;0,026785427716613;"GW";"Rpl37";7
"Rps281";9,57174053294745e-06;0,252722701664419;0,986;0,994;0,169860107497685;"GW";"Rps28";7
"Rps212";1,99992070724073e-05;0,262405417721461;0,998;0,996;0,354905928706939;"GW";"Rps21";7
"Rps27";2,74459196156834e-05;0,26684532864414;0,99;0,996;0,487055289499918;"GW";"Rps27";7
"Malat1";3,93686877185225e-05;0,265772361494467;1;0,998;0,6986367322529;"GW";"Malat1";7
"Rpl362";7,57666033359131e-05;0,235726528562724;0,995;1;1;"GW";"Rpl36";7
"Rpl35";9,71866414793913e-05;0,212822904421491;0,983;0,981;1;"GW";"Rpl35";7
"Tm4sf5";0,0016999086666837;0,232057220832652;0,693;0,674;1;"GW";"Tm4sf5";7
"Arid5b";0,00175152279839429;0,200057745058041;0,31;0,247;1;"GW";"Arid5b";7
"Acsl37";0,00306761299144219;0,249371062554736;0,364;0,281;1;"GW";"Acsl3";7
"Acot17";0,00324514019601374;0,222324861906398;0,319;0,208;1;"GW";"Acot1";7
"Rps26";0,00448407219134943;0,222855951934391;0,995;0,99;1;"GW";"Rps26";7
"Fads2";0,00521779476029981;0,340418737535114;0,464;0,316;1;"GW";"Fads2";7
"Soat16";0,00599318673113798;0,256653964458307;0,495;0,405;1;"GW";"Soat1";7
"Rpl39";0,00738705032179511;0,220423993028325;0,983;0,994;1;"GW";"Rpl39";7
"Idi17";6,0927851673413e-06;0,464032112796444;0,635;0,355;0,108122565579639;"DMSO";"Idi1";8
"Plcb3";1,2626361493829e-05;0,244168317511796;0,253;0,09;0,22406741106949;"DMSO";"Plcb3";8
"Dhdds";1,95298600175741e-05;0,231643142972878;0,159;0,024;0,346576895871869;"DMSO";"Dhdds";8
"Pmm1";2,83755129199137e-05;0,271561335756139;0,247;0,096;0,503551852276788;"DMSO";"Pmm1";8
"Josd2";0,000240931144353848;0,233248413060331;0,282;0,133;1;"DMSO";"Josd2";8
"Pycard2";0,000257482790640639;0,365916267211806;0,594;0,386;1;"DMSO";"Pycard";8
"Msmo17";0,000335033909441053;0,323944893050233;0,6;0,398;1;"DMSO";"Msmo1";8
"Rsrp1";0,000347705650442748;0,256833610353169;0,853;0,681;1;"DMSO";"Rsrp1";8
"Coq9";0,000354363381777083;0,256564075397376;0,312;0,139;1;"DMSO";"Coq9";8
"Ssx2ip";0,000377603345074709;0,238665057628316;0,565;0,355;1;"DMSO";"Ssx2ip";8
"Senp2";0,000413589892282297;0,260199599126729;0,306;0,145;1;"DMSO";"Senp2";8
"Dgkz";0,000476806866637266;0,287049571968628;0,329;0,151;1;"DMSO";"Dgkz";8
"Hmgcs14";0,000495654549223087;0,413816962455255;0,653;0,464;1;"DMSO";"Hmgcs1";8
"Ier21";0,000753288176021113;0,218710471210127;0,624;0,518;1;"DMSO";"Ier2";8
"Lars2";0,000788271949488981;0,250150721414371;0,565;0,398;1;"DMSO";"Lars2";8
"Zfp36l2";0,000793793682329627;0,228290335364584;0,376;0,205;1;"DMSO";"Zfp36l2";8
"Eif4b";0,000827704674026001;0,268853003957858;0,571;0,373;1;"DMSO";"Eif4b";8
"Rbm38";0,000963519276104125;0,328027926826877;0,571;0,392;1;"DMSO";"Rbm38";8
"Baz2b";0,00111570564780778;0,2309995287674;0,471;0,301;1;"DMSO";"Baz2b";8
"Gadd45gip1";0,00113475264277762;0,262005516311645;0,553;0,343;1;"DMSO";"Gadd45gip1";8
"Papola";0,0012658383348384;0,21672481877496;0,6;0,367;1;"DMSO";"Papola";8
"St6galnac2";0,00183602421738643;0,238730017844773;0,653;0,476;1;"DMSO";"St6galnac2";8
"Jade1";0,00183824189759628;0,2461407640514;0,276;0,114;1;"DMSO";"Jade1";8
"Fblim1";0,00202378105788844;0,209653045266972;0,294;0,145;1;"DMSO";"Fblim1";8
"Krt19";0,0020923681084531;0,314416695791439;0,412;0,271;1;"DMSO";"Krt19";8
"Kmt2c";0,00215114317274042;0,301898844883413;0,359;0,205;1;"DMSO";"Kmt2c";8
"Rpl9-ps6";0,0023808835796668;0,221549198960027;0,359;0,205;1;"DMSO";"Rpl9-ps6";8
"Med8";0,00250000506415665;0,227525093191571;0,6;0,392;1;"DMSO";"Med8";8
"Man2a1";0,00270117222428805;0,218469341322131;0,412;0,253;1;"DMSO";"Man2a1";8
"Cd24a1";0,00299363137710688;0,257602344421711;0,988;1;1;"DMSO";"Cd24a";8
"Sqle3";0,00339224537501167;0,265204651728472;0,394;0,241;1;"DMSO";"Sqle";8
"Cyp516";0,00346238136877991;0,38671407127319;0,606;0,428;1;"DMSO";"Cyp51";8
"Fdft14";0,00387353730102784;0,317579480156629;0,588;0,367;1;"DMSO";"Fdft1";8
"Ap1b1";0,00401549306374754;0,207603634178554;0,194;0,09;1;"DMSO";"Ap1b1";8
"Atp2a3";0,00536222960379941;0,312280426550486;0,906;0,819;1;"DMSO";"Atp2a3";8
"Ccnl1";0,00571286718388677;0,236327472509204;0,429;0,241;1;"DMSO";"Ccnl1";8
"Zdhhc17";0,0060186389858222;0,22710848814382;0,365;0,205;1;"DMSO";"Zdhhc17";8
"Aopep";0,00614699989228285;0,231361013581857;0,465;0,307;1;"DMSO";"Aopep";8
"Mtss1";0,00679064198464361;0,257725092473165;0,441;0,283;1;"DMSO";"Mtss1";8
"Cptp";0,00698233560612732;0,218311121899085;0,282;0,157;1;"DMSO";"Cptp";8
"Pgm2l1";0,00729439888959922;0,26177563878049;0,559;0,38;1;"DMSO";"Pgm2l1";8
"Hopx";0,00793592900633524;0,223969814803055;0,835;0,801;1;"DMSO";"Hopx";8
"Trak1";0,00828402160372225;0,23150957882957;0,459;0,271;1;"DMSO";"Trak1";8
"Yy1";0,00836425312211359;0,215672944781075;0,553;0,386;1;"DMSO";"Yy1";8
"Rif1";0,00872485957538598;0,200310465287961;0,229;0,12;1;"DMSO";"Rif1";8
"Stard10";0,00998100678775633;0,218250521807101;0,788;0,705;1;"DMSO";"Stard10";8
"Abca16";5,15389843994288e-17;0,813742916675036;0,482;0,047;9,14610817152264e-13;"GW";"Abca1";8
"Scd18";8,9480574229941e-17;0,888169311440858;0,506;0,071;1,58792227028453e-12;"GW";"Scd1";8
"Scd28";7,29943458772891e-11;0,507982095672591;0,928;0,759;1,29535766193837e-06;"GW";"Scd2";8
"Tmsb4x1";1,4338896642274e-09;0,518008287422854;0,958;0,876;2,54458059813794e-05;"GW";"Tmsb4x";8
"Srebf18";8,57169790142742e-09;0,592231490430454;0,452;0,165;0,000152113350958731;"GW";"Srebf1";8
"Rps297";6,75082007538877e-08;0,214015869522105;1;1;0,00119800053057849;"GW";"Rps29";8
"Cldn7";6,86735353600835e-07;0,269212465118336;0,994;0,971;0,0121868055850004;"GW";"Cldn7";8
"Abcg11";9,05919939121836e-06;0,351191122965773;0,151;0,012;0,160764552396561;"GW";"Abcg1";8
"Lpcat37";2,38670410140397e-05;0,433641607795006;0,554;0,365;0,423544509835149;"GW";"Lpcat3";8
"Ifi27";3,67551010547068e-05;0,312958542769393;0,452;0,282;0,652256023316828;"GW";"Ifi27";8
"Gng114";5,23751791955742e-05;0,482290394668272;0,404;0,182;0,929449930004659;"GW";"Gng11";8
"Casp8";0,000154093433627816;0,257667059556988;0,404;0,224;1;"GW";"Casp8";8
"Ndufa6";0,000169889673130607;0,239593269270247;0,928;0,912;1;"GW";"Ndufa6";8
"Mylip";0,000198949383256141;0,245678718209752;0,12;0,012;1;"GW";"Mylip";8
"Mgst2";0,000699338048777367;0,324725360027647;0,62;0,471;1;"GW";"Mgst2";8
"Prelid2";0,000802344260819713;0,299928619477144;0,663;0,5;1;"GW";"Prelid2";8
"Acaca";0,00086470091913314;0,257564951741867;0,205;0,082;1;"GW";"Acaca";8
"Fasn5";0,000950998952099551;0,353997361437411;0,349;0,212;1;"GW";"Fasn";8
"Tecr";0,00179888952521983;0,210462138755956;0,892;0,871;1;"GW";"Tecr";8
"H1f0";0,00181754823563819;0,244793242683083;0,825;0,706;1;"GW";"H1f0";8
"Atp5k";0,00244226890189706;0,30678175392731;0,801;0,782;1;"GW";"Atp5k";8
"Ddah2";0,00294857435192727;0,26462104062248;0,422;0,265;1;"GW";"Ddah2";8
"Usp34";0,00384995258126103;0,252797076378069;0,518;0,424;1;"GW";"Usp34";8
"Crip1";0,00488308718211556;0,201251213866516;0,988;1;1;"GW";"Crip1";8
"Acsl38";0,0050177136726516;0,226223993872077;0,331;0,188;1;"GW";"Acsl3";8
"Igsf8";0,00883020602818228;0,26140187285805;0,47;0,406;1;"GW";"Igsf8";8
"Elk4";0,00919898645596983;0,201436237007427;0,139;0,035;1;"GW";"Elk4";8
"Rrbp1";0,00991429954447065;0,214910801731682;0,62;0,535;1;"GW";"Rrbp1";8
